"id","trait","studyIDs"
"1","abdominal_aortic_aneurysm","GCST001312|GCST000727|GCST003877|GCST003683"
"2","abnormal_thrombosis","GCST003390"
"3","abruptio_placentae","GCST005844"
"4","accommodative_esotropia","GCST008738"
"5","acne","GCST002329|GCST002481|GCST007234"
"6","acute-on-chronic_liver_failure","GCST004165"
"7","acute_coronary_syndrome","GCST002747|GCST004957|GCST004961|GCST004962|GCST004964|GCST004967"
"8","acute_lymphoblastic_leukemia","GCST007727|GCST002792|GCST001320|GCST002657|GCST002915|GCST007540|GCST003501|GCST004250|GCST000463|GCST002713|GCST000464|GCST005315|GCST001912|GCST000323|GCST001693"
"9","adolescent_idiopathic_scoliosis","GCST008788|GCST008789|GCST002169|GCST003052|GCST004981|GCST002819|GCST003128|GCST004288"
"10","adrenal_suppression_measurement","GCST005924|GCST005927"
"11","adult_onset_asthma","GCST007799|GCST007993"
"12","adverse_effect","GCST009028"
"13","age-related_cataract","GCST002619"
"14","age-related_hearing_impairment","GCST003763"
"15","age-related_macular_degeneration","GCST001232|GCST000652|GCST001571|GCST000006|GCST001884|GCST001814|GCST000001|GCST000806|GCST001986|GCST001987|GCST000653|GCST004737|GCST005359|GCST009144|GCST001100"
"16","age_at_menarche","GCST005865"
"17","age_at_onset","GCST007797|GCST003652|GCST006260|GCST002477|GCST006480|GCST008838|GCST009236|GCST009237|GCST009238"
"18","aggressive_periodontitis","GCST004303"
"19","aging","GCST001166"
"20","aids","GCST000487|GCST000308"
"21","airway_responsiveness_measurement","GCST002724"
"22","al_amyloidosis","GCST004028|GCST004804|GCST004805|GCST004806|GCST004807|GCST004808|GCST004809|GCST004811|GCST004812"
"23","albuminuria","GCST009284|GCST009285|GCST009292"
"24","alcohol_and_nicotine_codependence","GCST001769"
"25","alcohol_consumption_measurement","GCST003873|GCST004404|GCST009797"
"26","alcohol_dependence","GCST004712|GCST002477|GCST008259|GCST003121|GCST000432|GCST004756|GCST004757|GCST001874"
"27","alcohol_drinking","GCST004404"
"28","alcohol_use_disorder_measurement","GCST008259"
"29","alcoholic_liver_cirrhosis","GCST003153|GCST004757"
"30","alcoholic_pancreatitis","GCST004757"
"31","allergic_rhinitis","GCST002551|GCST009716|GCST009717|GCST009719|GCST006409"
"32","allergic_sensitization_measurement","GCST002084|GCST006408"
"33","allergy","GCST005038"
"34","alloimmunization","GCST002691|GCST007210"
"35","alopecia_areata","GCST004866|GCST000719"
"36","alzheimer's_disease","GCST000237|GCST002954|GCST001743|GCST002813|GCST002814|GCST002817|GCST004246|GCST004247|GCST004249|GCST002245|GCST009496|GCST009497|GCST001342|GCST001947|GCST009020|GCST009022|GCST009023|GCST009024|GCST009025|GCST009026|GCST007318|GCST007330|GCST007332|GCST007333|GCST007334|GCST000808|GCST001026|GCST007600|GCST008437|GCST002422|GCST000046|GCST001963|GCST000682|GCST002983|GCST000980"
"37","amblyopia_(disease)","GCST008739"
"38","amebiasis","GCST007109"
"39","amenorrhea","GCST009153"
"40","amyotrophic_lateral_sclerosis","GCST001664|GCST003175|GCST000260|GCST001981|GCST002509|GCST000781|GCST000406|GCST000820|GCST000127|GCST004692"
"41","androgenetic_alopecia","GCST000251|GCST001548|GCST000250"
"42","angioedema","GCST002263"
"43","ankle_injury","GCST004952"
"44","ankylosing_spondylitis","GCST005529|GCST007844|GCST001345|GCST000563|GCST007361"
"45","anorexia_nervosa","GCST002354|GCST004367|GCST008465"
"46","anterior_uveitis","GCST007361|GCST007362"
"47","anthropometric_measurement","GCST001953|GCST001954|GCST001956"
"48","anti-citrullinated_protein_antibody_seropositivity","GCST004174"
"49","anti-drug_antibody_measurement","GCST005706"
"50","anti-helicobacter_pylori_serum_igg_measurement","GCST002014"
"51","anti-hepatitis_b_virus_surface_antigen_igg_measurement","GCST008435"
"52","anti-neutrophil_antibody_associated_vasculitis","GCST003976|GCST003977"
"53","antinuclear_antibody_measurement","GCST007737"
"54","antiphospholipid_syndrome","GCST004227"
"55","anxiety_disorder","GCST008559|GCST002696|GCST003370"
"56","anxiety","GCST002200|GCST002202"
"57","aortic_stenosis","GCST005561|GCST005785|GCST009870"
"58","aortic_valve_calcification","GCST001865|GCST005785|GCST009870"
"59","apoe_carrier_status","GCST002814"
"60","apol1_risk_genotype_carrier_status","GCST007950"
"61","appendicitis","GCST007595"
"62","aqp4-igg-positive_neuromyelitis_optica","GCST006937"
"63","asparaginase-induced_acute_pancreatitis","GCST003501"
"64","asparaginase_hypersensitivity","GCST000715|GCST002915|GCST007540"
"65","aspirin-induced_asthma","GCST001747"
"66","asthma_exacerbation_measurement","GCST007100"
"67","asthma","GCST003176|GCST007596|GCST007266|GCST005212|GCST006862|GCST000910|GCST001226|GCST002322|GCST007797|GCST007798|GCST000389|GCST001183|GCST009716|GCST002124|GCST002125|GCST000330|GCST000576|GCST000061|GCST000804|GCST002445|GCST003589|GCST001172|GCST009798|GCST001701|GCST008838|GCST006911|GCST002519|GCST007424|GCST004390|GCST002875|GCST008916"
"68","astigmatism","GCST000706|GCST001339|GCST002685|GCST007158"
"69","asymptomatic_neurocognitive_impairment","GCST004410|GCST004411"
"70","atazanavir_measurement","GCST006203"
"71","atherosclerosis","GCST001231"
"72","athletic_endurance_measurement","GCST003458"
"73","atopic_eczema","GCST002737|GCST000374|GCST001709|GCST003180|GCST001363|GCST003184|GCST002844|GCST001106|GCST002100"
"74","atopic_march","GCST003180"
"75","atopy","GCST006040"
"76","atrial_fibrillation","GCST000445|GCST004295|GCST004296|GCST004297|GCST004298|GCST004299|GCST004300|GCST004301|GCST000602|GCST001499|GCST000051|GCST000446|GCST002975|GCST004352|GCST004373|GCST005306|GCST006414|GCST006061|GCST008486"
"77","atrophic_macular_degeneration","GCST001577|GCST001578"
"78","attached_earlobe","GCST000706"
"79","attempted_suicide","GCST006419|GCST006420|GCST002972|GCST006428|GCST002503|GCST008118|GCST008119|GCST008120|GCST008122|GCST008123|GCST000854|GCST001015"
"80","attention_deficit_hyperactivity_disorder","GCST007543|GCST007880|GCST006916|GCST000684|GCST001877|GCST006983|GCST004001|GCST004002"
"81","atypical_femoral_fracture","GCST008097|GCST008098"
"82","autism_spectrum_disorder","GCST004520|GCST004521|GCST007556|GCST003130|GCST003104|GCST001877"
"83","autism","GCST000411|GCST000382|GCST002268"
"84","autoantibody_measurement","GCST004381|GCST004382|GCST006197"
"85","autoimmune_pancreatitis_type_1","GCST002913"
"86","autoimmune_thyroid_disease","GCST005524|GCST002705|GCST002876"
"87","autosomal_dominant_compelling_helio-ophthalmic_outburst_syndrome","GCST005809|GCST007687"
"88","azoospermia","GCST001494"
"89","b-cell_acute_lymphoblastic_leukemia","GCST005965|GCST005969|GCST005970|GCST005971|GCST005972|GCST002158|GCST003798|GCST009636|GCST009637|GCST009638"
"90","back_pain","GCST007152"
"91","bacterial_meningitis","GCST009083|GCST009088"
"92","barrett's_esophagus","GCST006528|GCST006529|GCST003738|GCST003740|GCST002230|GCST002231|GCST001675"
"93","basal_cell_carcinoma","GCST003726|GCST004113|GCST008871|GCST001124|GCST000318|GCST000249|GCST001250|GCST002331|GCST002842"
"94","behavior","GCST006146"
"95","behcet's_syndrome","GCST001768|GCST002824|GCST001804|GCST000728|GCST007551|GCST009887"
"96","benign_prostatic_hyperplasia","GCST007507|GCST007512|GCST008169|GCST004638"
"97","bicuspid_aortic_valve","GCST009006"
"98","biliary_atresia","GCST006390|GCST000681"
"99","biliary_liver_cirrhosis","GCST000408|GCST000733|GCST001010|GCST001685"
"100","binge_eating","GCST005386|GCST005387"
"101","bipolar_disorder","GCST000033|GCST001567|GCST001569|GCST000985|GCST000220|GCST001715|GCST001811|GCST003378|GCST003724|GCST004139|GCST001647|GCST000654|GCST003132|GCST003135|GCST005386|GCST005387|GCST002385|GCST002503|GCST002505|GCST008119|GCST008122|GCST008123|GCST003742|GCST000387|GCST001241|GCST000417|GCST001135|GCST001877|GCST003158|GCST003159|GCST003160|GCST003161|GCST008103|GCST004001|GCST004002|GCST000044|GCST001015|GCST001164"
"102","bipolar_i_disorder","GCST008115"
"103","bipolar_ii_disoder","GCST008116"
"104","birdshot_chorioretinopathy","GCST002501"
"105","birth_measurement","GCST008752|GCST002751"
"106","bladder_carcinoma","GCST002240|GCST002243|GCST000231|GCST000639|GCST002645|GCST001153|GCST002460|GCST000842|GCST003384|GCST009872|GCST000454"
"107","bladder_exstrophy","GCST002807"
"108","blood_pressure","GCST005039"
"109","body_mass_index","GCST001955|GCST006529|GCST007242"
"110","bone_fracture","GCST006422|GCST006423"
"111","borderline_personality_disorder","GCST004641"
"112","braces","GCST000706"
"113","brain_aneurysm","GCST000262|GCST001665|GCST002633|GCST007354|GCST001388|GCST003683|GCST000646"
"114","brain_serotonin_transporter_measurement","GCST002074"
"115","brcax_breast_cancer","GCST006719"
"116","breast_carcinoma","GCST004948|GCST004949|GCST000801|GCST001224|GCST002537|GCST001648|GCST001916|GCST000035|GCST001667|GCST003587|GCST002662|GCST000952|GCST001930|GCST007302|GCST000162|GCST001298|GCST003520|GCST002735|GCST000036|GCST003782|GCST002901|GCST001457|GCST008388|GCST000811|GCST000709|GCST001420|GCST002234|GCST009665|GCST001937|GCST004950|GCST007236|GCST004988|GCST005075|GCST005077|GCST005110|GCST005111|GCST005112|GCST006035|GCST001831|GCST009153|GCST001012|GCST001373|GCST001683|GCST001879|GCST002847|GCST000037|GCST005804|GCST000365|GCST000678|GCST000343"
"117","bronchopulmonary_dysplasia","GCST006460|GCST002104"
"118","brugada_syndrome","GCST002098"
"119","calcium_intake_measurement","GCST002596"
"120","cancer","GCST003587|GCST009381|GCST003232"
"121","candidemia","GCST008106"
"122","cannabis_dependence","GCST008414"
"123","cannabis_use","GCST006983"
"124","cardiac_arrhythmia","GCST001376"
"125","cardiac_embolism","GCST003257"
"126","cardiac_troponin_t_measurement","GCST001776"
"127","cardioembolic_stroke","GCST005842"
"128","cardiotoxicity","GCST003062|GCST009381"
"129","cardiovascular_disease","GCST007041|GCST002153"
"130","cardiovascular_event_measurement","GCST002747|GCST004957|GCST004961"
"131","carotid_atherosclerosis","GCST007425"
"132","carpal_tunnel_syndrome","GCST007581"
"133","carrier_status","GCST005075|GCST004414|GCST004416|GCST006196|GCST006197"
"134","cataract","GCST009963"
"135","celiac_disease","GCST000612|GCST000157|GCST009874|GCST005523|GCST000048"
"136","central_nervous_system_cancer","GCST003227|GCST003228|GCST004347|GCST004348|GCST004349|GCST001633|GCST001058|GCST000439|GCST002474|GCST000440"
"137","central_nervous_system_non-hodgkin_lymphoma","GCST007896"
"138","central_serous_retinopathy","GCST009653"
"139","cerebral_amyloid_deposition_measurement","GCST003077"
"140","cerebral_microbleeds","GCST008275"
"141","cervical_artery_dissection","GCST002700"
"142","cervical_carcinoma","GCST004833|GCST004097|GCST002405|GCST002082|GCST007119"
"143","charcot-marie-tooth_disease_type_1a","GCST007304|GCST008530|GCST008533|GCST008534|GCST008537"
"144","chemotherapy-induced_alopecia","GCST002176|GCST002177|GCST002178|GCST002179|GCST002180|GCST002181"
"145","childhood_cancer","GCST003062|GCST005110|GCST005111|GCST005112|GCST002900"
"146","childhood_onset_asthma","GCST002275|GCST005213|GCST007800|GCST007508|GCST003180|GCST007995|GCST009236|GCST009237|GCST009238|GCST003482"
"147","chlamydia_trachomatis_seropositivity","GCST006225"
"148","cholangiocarcinoma","GCST005855"
"149","cholelithiasis","GCST007364"
"150","choroidal_melanoma","GCST009078"
"151","chronic_bronchitis","GCST002621|GCST002625"
"152","chronic_central_serous_retinopathy","GCST007296"
"153","chronic_hepatitis_b_virus_infection","GCST002490|GCST002879|GCST006364"
"154","chronic_hepatitis_c_virus_infection","GCST000465|GCST003824|GCST001139|GCST002316|GCST000944|GCST000557|GCST000485|GCST000486|GCST001094|GCST002534"
"155","chronic_kidney_disease","GCST000742|GCST000020|GCST006425|GCST000397|GCST000649|GCST008394|GCST008395|GCST002313|GCST003374|GCST002182|GCST003861|GCST003862|GCST003863|GCST003864|GCST003865|GCST003866|GCST003867|GCST003140|GCST003141|GCST003142|GCST008064|GCST007734"
"156","chronic_lymphocytic_leukemia","GCST002073|GCST003468|GCST000224|GCST008727|GCST004146|GCST000906|GCST001570|GCST002299"
"157","chronic_mountain_sickness","GCST008708"
"158","chronic_mucus_hypersecretion","GCST002407|GCST002613"
"159","chronic_myelogenous_leukemia","GCST001063"
"160","chronic_obstructive_pulmonary_disease","GCST002350|GCST002351|GCST002724|GCST004147|GCST002621|GCST002624|GCST002625|GCST002795|GCST002797|GCST002798|GCST000359|GCST007692|GCST001108|GCST002519"
"161","chronic_rhinosinusitis","GCST007444"
"162","chronic_venous_insufficiency","GCST004343"
"163","chronotype_measurement","GCST007565|GCST007576"
"164","circadian_rhythm","GCST000706|GCST003429|GCST003838|GCST003454"
"165","cirrhosis_of_liver","GCST001928"
"166","cleft_lip","GCST000673|GCST000353|GCST009357|GCST001628|GCST000547|GCST002811|GCST004166"
"167","cleft_palate","GCST009356|GCST005946|GCST005947|GCST005948|GCST002811|GCST002348|GCST004166"
"168","clinical_ideal_cardiovascular_health","GCST003279"
"169","clinically_amyopathic_dermatomyositis","GCST005338"
"170","cluster_headache","GCST003900"
"171","cognitive_impairment_measurement","GCST004407"
"172","cognitive_impairment","GCST008235|GCST007332"
"173","colonic_diverticula","GCST007921"
"174","colonic_neoplasm","GCST004167"
"175","colorectal_adenoma","GCST007856"
"176","colorectal_cancer","GCST002919|GCST005856|GCST000113|GCST003208|GCST003209|GCST000948|GCST002596|GCST003587|GCST002415|GCST003873|GCST000270|GCST000843|GCST007856|GCST001792|GCST007992|GCST007552|GCST009869|GCST006035|GCST006411|GCST001787|GCST003230|GCST003231|GCST002528|GCST003420|GCST006131|GCST003017|GCST005591|GCST004895|GCST000168|GCST000053|GCST000169|GCST002561|GCST004168|GCST003494|GCST002411|GCST000052|GCST003799|GCST002340|GCST002454"
"177","colorectal_mucinous_adenocarcinoma","GCST006411"
"178","complicated_disease_course","GCST002729"
"179","conduct_disorder","GCST000714"
"180","congenital_heart_disease","GCST002035"
"181","congenital_heart_malformation","GCST002036"
"182","congenital_left-sided_heart_lesions","GCST003419"
"183","contact_dermatitis_due_to_nickel","GCST002108"
"184","corneal_astigmatism","GCST005803|GCST007157"
"185","coronary_aneurysm","GCST002026|GCST003560|GCST007192"
"186","coronary_artery_bypass","GCST006435|GCST002975"
"187","coronary_artery_disease","GCST006281|GCST006405|GCST005172|GCST007990|GCST005582|GCST004787|GCST003116|GCST003470|GCST007230|GCST009879"
"188","coronary_atherosclerosis_measurement","GCST004224"
"189","coronary_heart_disease","GCST000999|GCST001401|GCST003431|GCST002289|GCST002298|GCST000338|GCST000875|GCST001581|GCST001845|GCST000972|GCST001587|GCST000945|GCST000946|GCST000057|GCST000998|GCST001260|GCST000045|GCST001079|GCST004957|GCST004961|GCST004962|GCST004964|GCST004967"
"190","coronary_vasospasm","GCST000125"
"191","cough","GCST003027"
"192","creatinine_measurement","GCST000742|GCST000649"
"193","crohn's_disease","GCST002729|GCST008271|GCST000207|GCST004132|GCST002017|GCST002018|GCST001473|GCST000212|GCST000879|GCST008730|GCST001729|GCST001652|GCST003360|GCST007216|GCST001438|GCST009878|GCST004053|GCST003044|GCST001118|GCST008397|GCST000023|GCST000042|GCST001785|GCST002094|GCST007229|GCST008485"
"194","cryoglobulinemia","GCST002534"
"195","cryptosporidiosis","GCST009861"
"196","cutaneous_lupus_erythematosus","GCST002884"
"197","cutaneous_psoriasis_measurement","GCST003269"
"198","cutaneous_squamous_cell_carcinoma","GCST003655"
"199","cystatin_c_measurement","GCST000649"
"200","cystic_fibrosis_associated_meconium_ileus","GCST007367"
"201","cystic_fibrosis","GCST002025"
"202","cytomegalovirus_infection","GCST001833"
"203","date_of_diagnosis","GCST002978"
"204","daytime_rest_measurement","GCST007987"
"205","decreased_fine_motor_function","GCST008533"
"206","decreased_susceptibility_to_bacterial_infection","GCST004690"
"207","decreased_susceptibility_to_hepatitis_c_infection","GCST008502"
"208","deep_vein_thrombosis","GCST003390"
"209","delivery_measurement","GCST002752"
"210","dental_caries","GCST006311|GCST006312"
"211","depressive_symptom_measurement","GCST007297|GCST003824"
"212","dermatomyositis","GCST006053|GCST003522"
"213","developmental_dysplasia_of_the_hip","GCST006566|GCST002841"
"214","diabetes_mellitus","GCST003797|GCST006405|GCST002637|GCST005891"
"215","diabetic_foot","GCST004724"
"216","diabetic_macular_edema","GCST006282"
"217","diabetic_maculopathy","GCST008545"
"218","diabetic_nephropathy","GCST002716|GCST003098|GCST003099|GCST000909|GCST005889|GCST005895"
"219","diabetic_retinopathy","GCST002684|GCST003042|GCST001017|GCST009840|GCST006424|GCST001977"
"220","diarrhea","GCST003623|GCST003624|GCST003625|GCST003626|GCST004962|GCST004967"
"221","diet_measurement","GCST002415"
"222","differentiated_thyroid_carcinoma","GCST004798"
"223","diffuse_large_b-cell_lymphoma","GCST002636|GCST008728|GCST003178"
"224","diffuse_scleroderma","GCST005535"
"225","digestive_system_disease","GCST002231"
"226","disease_free_survival","GCST006196|GCST002847"
"227","disease_prognosis_measurement","GCST009878|GCST004053"
"228","disease_progression_measurement","GCST004981|GCST007434|GCST005358|GCST005359|GCST009144"
"229","disease_recurrence","GCST009514|GCST009515|GCST004752"
"230","diverticular_disease","GCST008105|GCST008257"
"231","diverticulitis","GCST008256"
"232","drinking_behavior","GCST001842"
"233","drug-induced_agranulocytosis","GCST003018|GCST002595|GCST003628|GCST003450"
"234","drug-induced_liver_injury","GCST004114|GCST003792|GCST004261|GCST004262|GCST007897"
"235","drug_dependence","GCST007700|GCST000956"
"236","duodenal_ulcer","GCST001433"
"237","dupuytren_contracture","GCST001144|GCST004858|GCST000841"
"238","dysphagia","GCST002995"
"239","early_cardiac_repolarization_measurement","GCST001559|GCST008991"
"240","eating_behaviour","GCST003489"
"241","eating_disorder","GCST003132|GCST003135"
"242","eczema","GCST009716|GCST009717|GCST009718"
"243","egg_allergy_measurement","GCST004977"
"244","emphysema","GCST000770"
"245","endometrial_carcinoma","GCST003524|GCST006464|GCST006465|GCST006466|GCST005906"
"246","endometrial_endometrioid_carcinoma","GCST003525"
"247","endometrial_neoplasm","GCST003208|GCST003209|GCST001040"
"248","endometriosis","GCST000797|GCST001894|GCST001720|GCST000916|GCST005906|GCST004549|GCST004873|GCST000721"
"249","environmental_tobacco_smoke_exposure_measurement","GCST009236|GCST009238|GCST002348"
"250","eosinophilic_esophagitis","GCST002527|GCST000620|GCST002697"
"251","epilepsy","GCST002547|GCST001662|GCST002949|GCST006567|GCST002141"
"252","epithelioid_cell_uveal_melanoma","GCST009075|GCST009076"
"253","erectile_dysfunction","GCST006956|GCST007118"
"254","erythema_nodosum","GCST002729|GCST002380"
"255","esophageal_adenocarcinoma","GCST006530|GCST006531|GCST003739|GCST003740|GCST002231|GCST002232"
"256","esophageal_carcinoma","GCST000777|GCST000466|GCST001089|GCST001674|GCST002010"
"257","esophageal_squamous_cell_carcinoma","GCST002568"
"258","essential_tremor","GCST003762|GCST000329"
"259","estrogen-receptor_negative_breast_cancer","GCST003587|GCST003780|GCST005076"
"260","estrogen-receptor_positive_breast_cancer","GCST003781|GCST002901|GCST007415"
"261","event_free_survival_time","GCST003178|GCST006197|GCST001373"
"262","ewing_sarcoma","GCST006467|GCST001407"
"263","excessive_daytime_sleepiness_measurement","GCST007984"
"264","exercise","GCST000474"
"265","exfoliation_syndrome","GCST002787|GCST002486|GCST000067"
"266","extranodal_nasal_nk-t_cell_lymphoma","GCST009759"
"267","eye_color","GCST000710|GCST000117|GCST000120|GCST000192"
"268","eye_morphology_measurement","GCST006092"
"269","eyelid_sagging_measurement","GCST006365"
"270","facial_hair_thickness_measurement","GCST006093"
"271","family_history_of_lung_cancer","GCST006086|GCST006087|GCST006088"
"272","fasting_blood_glucose_measurement","GCST006257|GCST009660"
"273","febrile_seizures","GCST002672|GCST002673"
"274","food_addiction_measurement","GCST003489"
"275","food_allergy_measurement","GCST004979"
"276","foot_muscle_strength_measurement","GCST007304"
"277","forced_expiratory_volume","GCST008659|GCST008660|GCST008661|GCST008662|GCST008663"
"278","formal_thought_disorder","GCST001549"
"279","freckles","GCST006091|GCST000119"
"280","frontal_fibrosing_alopecia","GCST007713"
"281","frontotemporal_dementia","GCST002508|GCST002516|GCST002960|GCST006146|GCST006148|GCST006151|GCST006152|GCST006153|GCST006154"
"282","fuchs_endothelial_corneal_dystrophy","GCST000790"
"283","functional_laterality","GCST000706"
"284","gallbladder_neoplasm","GCST001404|GCST004201"
"285","gallstones","GCST000055|GCST007050|GCST007364|GCST003725"
"286","gastric_adenocarcinoma","GCST002990"
"287","gastric_carcinoma","GCST000777|GCST002992|GCST003007|GCST003010|GCST001718|GCST006707|GCST003218|GCST008646"
"288","gastric_cardia_carcinoma","GCST003009"
"289","gastritis","GCST002638"
"290","gastroesophageal_reflux_disease","GCST008832|GCST006531"
"291","gaucher_disease","GCST001380"
"292","gene_methylation_measurement","GCST002786|GCST003031"
"293","generalized_anxiety_disorder","GCST004270|GCST004273|GCST004274|GCST004275"
"294","gestational_diabetes","GCST001375|GCST008448"
"295","glaucoma","GCST001062|GCST009722|GCST009726|GCST002529|GCST006395|GCST000645|GCST001596|GCST001649"
"296","glioblastoma_multiforme","GCST003220|GCST004349|GCST006480|GCST001470"
"297","glioma","GCST007842|GCST004347|GCST004348|GCST005931|GCST005932|GCST005933"
"298","glomerular_filtration_rate","GCST005891"
"299","glycosuria","GCST008605|GCST008606|GCST008614"
"300","gout","GCST005799|GCST005801|GCST006425|GCST008460|GCST008139|GCST002909|GCST002773|GCST003924|GCST003925|GCST003926|GCST001268"
"301","granulomatosis_with_polyangiitis","GCST002159|GCST002160"
"302","graves_disease","GCST003018|GCST001200|GCST005524|GCST005526|GCST003640|GCST001219|GCST002705|GCST001984|GCST008365"
"303","graves_ophthalmopathy","GCST003640"
"304","hair_color","GCST006986|GCST006988|GCST006989|GCST000115|GCST000118|GCST000194"
"305","hair_morphology_measurement","GCST006094"
"306","hair_morphology","GCST000706"
"307","hallux_valgus","GCST009846|GCST009847|GCST009849"
"308","handedness","GCST008819"
"309","hashimoto's_thyroiditis","GCST005524|GCST005525|GCST002705"
"310","head_and_neck_malignant_neoplasia","GCST003541|GCST005934"
"311","head_and_neck_squamous_cell_carcinoma","GCST003760"
"312","health_study_participation","GCST008550"
"313","hearing_loss","GCST008534"
"314","heart_amyloid_deposition_measurement","GCST004805|GCST004806"
"315","heart_failure","GCST000661|GCST009541|GCST003539"
"316","hematochezia","GCST008381"
"317","hematuria","GCST008613|GCST008617|GCST008618|GCST008380"
"318","hemifacial_microsomia","GCST004412"
"319","henoch-schoenlein_purpura","GCST004745"
"320","hepatitis_b_virus_infection","GCST002246|GCST000375|GCST003615|GCST005570|GCST004736|GCST001257|GCST001150|GCST001582|GCST004165"
"321","hepatitis_b_virus_surface_antigen_seropositivity","GCST006364"
"322","hepatitis_c_induced_liver_cirrhosis","GCST001815"
"323","hepatitis_c_virus_infection","GCST007631|GCST007632|GCST007633|GCST007634"
"324","hepatitis","GCST002730"
"325","hepatocellular_carcinoma","GCST001775|GCST005309|GCST001041|GCST001603|GCST005570|GCST004736|GCST004160|GCST000752"
"326","herpes_zoster","GCST007139"
"327","high_density_lipoprotein_cholesterol_measurement","GCST007840|GCST009656|GCST009661|GCST003391"
"328","hip_osteoarthritis_symptom_severity_measurement","GCST004199"
"329","hippocampal_sclerosis_of_aging","GCST002430"
"330","hirschsprung_disease","GCST005289|GCST000334|GCST003764"
"331","hirsutism","GCST006095"
"332","hiv-1_infection","GCST000596|GCST004407|GCST002818|GCST002769|GCST002771|GCST002101|GCST000863"
"333","hiv-associated_neurocognitive_disorder","GCST004408|GCST004409|GCST004410|GCST004411"
"334","hiv_infection","GCST004114|GCST004115|GCST004118|GCST004261|GCST004262"
"335","hodgkins_lymphoma","GCST002480|GCST000851|GCST002237|GCST005209|GCST007062"
"336","hyperemesis_gravidarum","GCST005930"
"337","hyperhidrosis","GCST006090"
"338","hyperopia","GCST008740"
"339","hypersensitivity_reaction_disease","GCST004118"
"340","hypersomnia","GCST001971|GCST007191"
"341","hypertension","GCST000447|GCST003797|GCST009101|GCST009103|GCST000973|GCST003613|GCST009319|GCST000361|GCST000849|GCST004143|GCST002637|GCST000041"
"342","hypertriglyceridemia","GCST000737|GCST009657|GCST009662|GCST003743"
"343","hyperuricemia","GCST005801|GCST005802|GCST008460"
"344","hypospadias","GCST009672|GCST002563"
"345","hypothyroidism","GCST001474"
"346","idiopathic_dilated_cardiomyopathy","GCST005588"
"347","idiopathic_osteonecrosis_of_the_femoral_head","GCST008913"
"348","idiopathic_pulmonary_fibrosis","GCST004986|GCST009758|GCST000238|GCST001974"
"349","iga_glomerulonephritis","GCST002655|GCST002943|GCST001364"
"350","igg_isotype_profile_measurement","GCST004804|GCST004808|GCST004809|GCST004811"
"351","ileocolitis","GCST002729"
"352","immune_system_disease","GCST001611"
"353","infantile_hypertrophic_pyloric_stenosis","GCST006705|GCST001399|GCST002145"
"354","inflammatory_bowel_disease","GCST004131|GCST002607|GCST008731|GCST000531|GCST001725|GCST003603|GCST000225|GCST003043|GCST002379|GCST002380|GCST003602"
"355","information_processing_speed","GCST007696"
"356","inguinal_hernia","GCST003198"
"357","insomnia_measurement","GCST001586|GCST007988|GCST003981|GCST007387|GCST007388"
"358","insomnia","GCST005566"
"359","insulin_sensitivity_measurement","GCST009642"
"360","intelligence","GCST005626"
"361","interferon_alpha_measurement","GCST002666"
"362","intermittent_staphylococcus_aureus_carrier_status","GCST003181"
"363","interstitial_lung_disease","GCST001968|GCST009501|GCST009502|GCST001136"
"364","intracerebral_hemorrhage","GCST002389"
"365","irritable_bowel_syndrome","GCST006535|GCST002629|GCST002436"
"366","ischemic_cardiomyopathy","GCST007088"
"367","ischemic_stroke","GCST002988|GCST003322|GCST003324|GCST003390|GCST005843|GCST003257|GCST003258|GCST003259|GCST003260|GCST003261|GCST007672|GCST007673|GCST007675|GCST007676|GCST003245"
"368","isolated_scaphocephaly","GCST001745"
"369","juvenile_dermatomyositis","GCST006053"
"370","juvenile_idiopathic_arthritis","GCST003424|GCST001417"
"371","kanno_antigen_measurement","GCST007948"
"372","keloid","GCST000773"
"373","keratinocyte_carcinoma","GCST008870"
"374","ketonuria","GCST008607|GCST008608|GCST008609"
"375","kidney_amyloid_deposition_measurement","GCST004806|GCST004812"
"376","kidney_stone","GCST009598|GCST009599|GCST003086|GCST000429"
"377","lachrymal_gland_lesion","GCST002913"
"378","language_impairment","GCST007334|GCST006152"
"379","large_artery_stroke","GCST003322|GCST002288|GCST007991|GCST005840|GCST003259"
"380","late-onset_alzheimers_disease","GCST007511|GCST005549"
"381","late-onset_myasthenia_gravis","GCST003251"
"382","latent_autoimmune_diabetes_in_adults","GCST007245|GCST007247"
"383","laterality_measurement","GCST004813"
"384","leprosy","GCST002772|GCST004009|GCST001292|GCST000546"
"385","leukocyte_count","GCST005578|GCST005579"
"386","leukopenia","GCST003603|GCST001175|GCST007229"
"387","lewy_body_dementia","GCST005276"
"388","lewy_body_measurement","GCST002778"
"389","ligament_rupture","GCST004265"
"390","limited_scleroderma","GCST005533"
"391","liver_amyloid_deposition_measurement","GCST004807"
"392","löfgren’s_syndrome","GCST005540"
"393","longevity","GCST002599|GCST002403|GCST002404|GCST008598|GCST008599|GCST008600|GCST008601|GCST001081|GCST000632|GCST003425"
"394","low_tension_glaucoma","GCST003343"
"395","lower_urinary_tract_symptom","GCST007507|GCST007512|GCST004638"
"396","lung_adenocarcinoma","GCST006087|GCST008836|GCST003587|GCST000761|GCST008375|GCST000506|GCST004744|GCST000810|GCST001609|GCST003605|GCST002466|GCST003326|GCST003776"
"397","lung_carcinoma","GCST000172|GCST006086|GCST003587|GCST001140|GCST000170|GCST008376|GCST006399|GCST006400|GCST001718|GCST001740|GCST000633|GCST000233|GCST000256|GCST004747|GCST004748|GCST004749|GCST000257|GCST002466|GCST003325|GCST003775|GCST002392"
"398","lupus_nephritis","GCST002479"
"399","lymphangioleiomyomatosis","GCST008311"
"400","lymphoma","GCST002066|GCST001826"
"401","macular_telangiectasia_type_2","GCST004171"
"402","maculopapular_eruption","GCST002949|GCST005200"
"403","malaria","GCST002033|GCST000410|GCST009514|GCST009515|GCST001637"
"404","malignant_epithelial_tumor_of_ovary","GCST002576|GCST009896|GCST002748|GCST009008"
"405","mammographic_density_measurement","GCST002676"
"406","marginal_zone_b-cell_lymphoma","GCST008726|GCST008729|GCST002742"
"407","medication_adherence_behavior","GCST002637"
"408","melanoma","GCST001267|GCST000437|GCST000198|GCST001886|GCST001266|GCST004142|GCST002514"
"409","membranous_glomerulonephritis","GCST003402|GCST000984"
"410","memory_impairment","GCST007330|GCST006151"
"411","meningioma","GCST005870|GCST001184"
"412","menorrhagia","GCST009156|GCST009157"
"413","mental_or_behavioural_disorder","GCST001644|GCST000854"
"414","mesial_temporal_lobe_epilepsy_with_hippocampal_sclerosis","GCST002170"
"415","metabolic_syndrome","GCST008140|GCST008146|GCST009663|GCST000753|GCST004239"
"416","metastasis_measurement","GCST002978|GCST007434|GCST003230|GCST003231"
"417","metastatic_colorectal_cancer","GCST003057|GCST003058|GCST007434"
"418","methamphetamine-induced_psychosis","GCST001975"
"419","microalbuminuria","GCST009281|GCST007022|GCST008791"
"420","migraine_disorder","GCST000782|GCST002079|GCST002081|GCST007154|GCST001105|GCST001563|GCST003720|GCST001019"
"421","migraine_with_aura","GCST002080"
"422","migraine_without_aura","GCST002078|GCST004900|GCST003721"
"423","mild_disease_course","GCST002729"
"424","mild_neurocognitive_disorder","GCST004408|GCST004411"
"425","mitral_valve_prolapse","GCST003094"
"426","mmr-related_febrile_seizures","GCST002674"
"427","modic_type_vertebral_endplate_changes","GCST007537"
"428","molar-incisor_hypomineralization","GCST002114"
"429","monoclonal_gammopathy","GCST002922|GCST007824"
"430","mood_disorder","GCST006420|GCST003800"
"431","mood_instability_measurement","GCST007880"
"432","mortality","GCST005078|GCST000661|GCST003817|GCST003539"
"433","mosaic_loss_of_chromosome_y_measurement","GCST003421"
"434","moyamoya_disease","GCST005575|GCST000860"
"435","mucocutaneous_lymph_node_syndrome","GCST000314|GCST001322|GCST000939|GCST002026|GCST008314|GCST003560|GCST004859|GCST007192|GCST001456|GCST001455|GCST000962"
"436","multiple_births_measurement","GCST007280"
"437","multiple_myeloma","GCST001331|GCST003964|GCST002140|GCST009680|GCST004483|GCST002921|GCST002922|GCST001906|GCST001907|GCST006432|GCST003051"
"438","multiple_sclerosis","GCST003566|GCST000263|GCST000425|GCST005531|GCST001096|GCST005706|GCST003193|GCST000252|GCST000424|GCST009560|GCST002758|GCST000062|GCST009597|GCST000593|GCST001459|GCST001505|GCST000716|GCST001341|GCST000680|GCST001198|GCST004290|GCST004752"
"439","multiple_system_atrophy","GCST003784"
"440","myasthenia_gravis","GCST002838"
"441","myelodysplastic_syndrome","GCST009516"
"442","myeloproliferative_disorder","GCST002840"
"443","myocardial_infarction","GCST003430|GCST000030|GCST002475|GCST000340|GCST003117|GCST000946|GCST003471|GCST004964"
"444","myocarditis","GCST009817"
"445","myopia","GCST009962"
"446","myopic_maculopathy_severity_measurement","GCST005715"
"447","myositis","GCST007278|GCST003092|GCST006051"
"448","narcolepsy_with_cataplexy","GCST005522|GCST000385|GCST002260|GCST000771|GCST000236|GCST002912"
"449","nasal_cavity_polyp","GCST007443"
"450","nasopharyngeal_neoplasm","GCST000687|GCST003578|GCST000413|GCST000460|GCST007200"
"451","neoplasm_of_mature_b-cells","GCST000734|GCST000448|GCST002643|GCST001051"
"452","nephroblastoma","GCST001500"
"453","nephrotic_syndrome","GCST006252|GCST008456|GCST006246|GCST001018"
"454","neuroblastoma","GCST000384|GCST004883|GCST004884|GCST004885|GCST001660|GCST000188|GCST004510|GCST000901"
"455","neuromyelitis_optica","GCST005964"
"456","neuropathic_pain","GCST002507|GCST003063|GCST005934|GCST003963"
"457","neuropathy","GCST004724|GCST008530"
"458","neurotic_disorder","GCST000063"
"459","nicotine_dependence","GCST000010"
"460","nodular_sclerosis_hodgkin_lymphoma","GCST005211"
"461","non-accomodative_esotropia","GCST008741"
"462","non-alcoholic_fatty_liver_disease","GCST001766|GCST005190|GCST001576|GCST005308|GCST001928|GCST008468"
"463","non-alcoholic_steatohepatitis","GCST005309"
"464","non-lobar_intracerebral_hemorrhage","GCST008876"
"465","non-melanoma_skin_carcinoma","GCST005896"
"466","non-obstructive_coronary_artery_disease","GCST008436"
"467","non-small_cell_lung_carcinoma","GCST001210|GCST008834|GCST001827|GCST001558|GCST001901|GCST001629|GCST000871|GCST002577|GCST000815|GCST002412"
"468","non-typhoidal_salmonella_bacteremia","GCST005590"
"469","obese_body_mass_index_status","GCST007240|GCST007241"
"470","obesity","GCST009673|GCST000426|GCST000129|GCST001130|GCST000317|GCST000663|GCST009700|GCST001957|GCST002900"
"471","obsessive-compulsive_disorder","GCST002682"
"472","obstructive_sleep_apnea","GCST003012"
"473","oligoarticular_juvenile_idiopathic_arthritis","GCST005528"
"474","oligoclonal_band_measurement","GCST002758"
"475","open-angle_glaucoma","GCST003342|GCST007199|GCST002581|GCST006065|GCST006066|GCST006067|GCST009245|GCST002582|GCST005407|GCST008391|GCST001441|GCST001451|GCST005388|GCST000793|GCST003446|GCST001493"
"476","opioid_dependence","GCST003614"
"477","opioid_use_measurement","GCST009796"
"478","oral_cavity_cancer","GCST003857|GCST003858"
"479","oral_ulcer","GCST007839"
"480","oropharynx_cancer","GCST003859"
"481","ossification_of_the_posterior_longitudinal_ligament_of_the_spine","GCST002545"
"482","osteitis_deformans","GCST000672|GCST001086"
"483","osteoarthritis_hip","GCST005571|GCST005572|GCST005573|GCST006926|GCST007091|GCST007092|GCST005810|GCST005812"
"484","osteoarthritis_knee","GCST005571|GCST005573|GCST005574|GCST004881|GCST000629|GCST006925|GCST007090|GCST007092|GCST003820|GCST005812|GCST005813"
"485","osteoarthritis","GCST001209|GCST000869|GCST002155|GCST000558|GCST002410|GCST004199|GCST007093|GCST003963|GCST001592|GCST005811|GCST005814"
"486","osteonecrosis","GCST003081|GCST003083|GCST000209"
"487","osteoporosis","GCST000560|GCST001830"
"488","osteosarcoma","GCST005158|GCST002978|GCST002056"
"489","otitis_media","GCST002148|GCST003827|GCST003828|GCST003829"
"490","ovarian_carcinoma","GCST000800|GCST001917|GCST003587|GCST000802|GCST007728|GCST001941|GCST004414|GCST004415|GCST004416|GCST004462|GCST001258|GCST000455|GCST007239"
"491","ovarian_clear_cell_adenocarcinoma","GCST004417"
"492","ovarian_endometrioid_carcinoma","GCST003587|GCST004418"
"493","ovarian_mucinous_adenocarcinoma","GCST004419"
"494","ovarian_serous_carcinoma","GCST003587|GCST009007|GCST004461|GCST004478|GCST004479|GCST004480|GCST004481"
"495","overall_survival","GCST005158|GCST004485|GCST003051"
"496","pack-years_measurement","GCST006528"
"497","pain","GCST008388|GCST001668|GCST003760"
"498","pancreatic_carcinoma","GCST000456|GCST009895|GCST002991|GCST001346|GCST001390|GCST005434|GCST000745|GCST000574|GCST004485|GCST007235|GCST002553|GCST001350|GCST001749|GCST003758"
"499","pancreatitis","GCST001741"
"500","panic_disorder","GCST009525"
"501","papillary_thyroid_carcinoma","GCST004753"
"502","parental_genotype_effect_measurement","GCST004845|GCST004898"
"503","parental_longevity","GCST004983"
"504","parkinson's_disease","GCST002778|GCST004902|GCST001126|GCST000567|GCST003922|GCST000772|GCST002353|GCST003652|GCST000959|GCST002544|GCST000261|GCST006153|GCST000874|GCST000528|GCST000855"
"505","partial_epilepsy","GCST000691"
"506","pathological_gambling","GCST003648"
"507","pathological_myopia","GCST002117|GCST000878|GCST000491|GCST001088|GCST001881"
"508","peanut_allergy_measurement","GCST002791|GCST004980"
"509","pelvic_organ_prolapse","GCST003225|GCST003226"
"510","pemphigus_foliaceus","GCST006520"
"511","pemphigus_vulgaris","GCST006584|GCST006521|GCST008068"
"512","pemphigus","GCST008069"
"513","perianal_crohn's_disease","GCST002729"
"514","periodontitis","GCST007197|GCST001588|GCST006486|GCST000521|GCST002781|GCST002126|GCST002136"
"515","peripheral_arterial_disease","GCST008474|GCST000720|GCST002504|GCST003154|GCST004482"
"516","peripheral_neuropathy","GCST003964|GCST002792|GCST005804|GCST008223"
"517","periprosthetic_osteolysis","GCST007549"
"518","persistent_staphylococcus_aureus_carrier_status","GCST003182"
"519","personality","GCST000706"
"520","pharynx_cancer","GCST003857"
"521","physical_activity_measurement","GCST006098|GCST006100"
"522","pituitary_gland_adenoma","GCST002940"
"523","plantar_fasciitis","GCST005558"
"524","plantar_fibromatosis","GCST005558"
"525","pneumoconiosis","GCST002515"
"526","polyarticular_juvenile_idiopathic_arthritis_rheumatoid_factor_negative","GCST005528"
"527","polycystic_ovary_syndrome","GCST000914|GCST003144|GCST005273|GCST002741|GCST001634"
"528","polymyositis","GCST006052"
"529","positive_regulation_of_ovulation","GCST004413"
"530","post-traumatic_stress_disorder_symptom_measurement","GCST008270"
"531","post-traumatic_stress_disorder","GCST002681|GCST009315|GCST003495"
"532","pregnancy_induced_alloimmunization","GCST005156"
"533","premature_birth","GCST006460|GCST004898"
"534","primary_angle_closure_glaucoma","GCST003467"
"535","primary_biliary_cirrhosis","GCST003129|GCST007036|GCST009956|GCST004145|GCST005581|GCST004302|GCST007737"
"536","primary_ovarian_insufficiency","GCST005518"
"537","progesterone-receptor_negative_breast_cancer","GCST007420"
"538","progression_free_survival","GCST003057|GCST003058"
"539","progressive_supranuclear_palsy","GCST007845"
"540","proliferative_diabetic_retinopathy","GCST006283|GCST008668"
"541","prostate_carcinoma","GCST002606|GCST001714|GCST002890|GCST001646|GCST004982|GCST005786|GCST008231|GCST000152|GCST001942|GCST003587|GCST000019|GCST000050|GCST000153|GCST000489|GCST001719|GCST007506|GCST002944|GCST003581|GCST003582|GCST003584|GCST008378|GCST008380|GCST008381|GCST001148|GCST002413|GCST001147|GCST006083|GCST006085|GCST006089|GCST000307|GCST003100|GCST000750|GCST008860|GCST003586|GCST000154|GCST003148|GCST001702|GCST000017"
"542","protein_measurement","GCST000763"
"543","proteinuria","GCST008610|GCST008611|GCST008612|GCST003141|GCST003142"
"544","psoriasis_vulgaris","GCST006036|GCST003268"
"545","psoriasis","GCST002738|GCST001473|GCST000836|GCST000173|GCST000322|GCST000833|GCST000834|GCST003269|GCST005527|GCST002889|GCST004346|GCST002874|GCST000321|GCST008479"
"546","psoriatic_arthritis","GCST000835|GCST003270"
"547","psychological_resilience_measurement","GCST007945|GCST007947"
"548","psychotic_symptoms","GCST008895|GCST008896"
"549","pulmonary_arterial_hypertension","GCST001908|GCST004947|GCST007228"
"550","pulmonary_artery_enlargement","GCST002797|GCST002798"
"551","pulmonary_embolism","GCST003390"
"552","pulmonary_function_measurement","GCST005416|GCST008240|GCST008241|GCST008246|GCST008247|GCST001621"
"553","pyoderma_gangrenosum","GCST002379"
"554","radiation-induced_brain_injury","GCST007200"
"555","recalcitrant_atopic_dermatitis","GCST002880"
"556","refractory_celiac_disease","GCST005928"
"557","remission","GCST007631|GCST007632|GCST007633|GCST007634|GCST007424"
"558","renal_cell_carcinoma","GCST002835|GCST008225|GCST008226|GCST004710"
"559","renal_system_measurement","GCST000397"
"560","response_to_5'_fluorouracil","GCST002176|GCST002178|GCST001997"
"561","response_to_abacavir","GCST002769"
"562","response_to_angiotensin-converting_enzyme_inhibitor","GCST004029|GCST003027"
"563","response_to_anthracycline-based_chemotherapy","GCST003062|GCST002008"
"564","response_to_anti-tuberculosis_drug","GCST007897"
"565","response_to_anticoagulant","GCST007137|GCST003085"
"566","response_to_antidepressant","GCST007665|GCST007667|GCST002046|GCST001528"
"567","response_to_antihypertensive_drug","GCST003797"
"568","response_to_antimetabolite","GCST002005"
"569","response_to_antimicrotubule_agent","GCST002177|GCST002001"
"570","response_to_antineoplastic_agent","GCST001357|GCST001993|GCST001994|GCST001995|GCST001996|GCST001997|GCST001998|GCST001999|GCST002000|GCST002001|GCST002002|GCST002003|GCST002004|GCST002005|GCST002006|GCST002007|GCST002008|GCST002009|GCST009153|GCST001095|GCST000323"
"571","response_to_antipsychotic_drug","GCST000462"
"572","response_to_beta_blocker","GCST003797|GCST005039"
"573","response_to_bisphosphonate","GCST008097|GCST008098"
"574","response_to_bortezomib","GCST003964"
"575","response_to_bupropion","GCST003800"
"576","response_to_calcium_channel_blocker","GCST003797"
"577","response_to_camptothecin","GCST001993"
"578","response_to_capox-b","GCST003057|GCST003058"
"579","response_to_carbamazepine","GCST008386"
"580","response_to_carboplatin","GCST002004|GCST002006"
"581","response_to_cetuximab","GCST003057|GCST003058"
"582","response_to_cisplatin","GCST007796|GCST002007"
"583","response_to_clozapine","GCST002595|GCST009817|GCST003628|GCST003450"
"584","response_to_cold_medicine","GCST004072"
"585","response_to_combination_chemotherapy","GCST004250"
"586","response_to_corticosteroid","GCST005924|GCST005927|GCST007100"
"587","response_to_cyclophosphamide","GCST002176|GCST002178|GCST002002"
"588","response_to_dalcetrapib","GCST002747"
"589","response_to_darapladib","GCST004957|GCST004962|GCST004964|GCST004967"
"590","response_to_diisocyanate","GCST002875"
"591","response_to_diuretic","GCST009319"
"592","response_to_docetaxel","GCST002180|GCST001995"
"593","response_to_doxorubicin","GCST002178|GCST002009"
"594","response_to_drug","GCST002141|GCST009028"
"595","response_to_efavirenz","GCST002771|GCST004261|GCST004262"
"596","response_to_endocrine_therapy","GCST002901"
"597","response_to_epirubicin","GCST002176|GCST001996"
"598","response_to_etoposide","GCST002000"
"599","response_to_gemcitabine","GCST001346|GCST001390|GCST002003"
"600","response_to_glucocorticoid","GCST003081|GCST003083"
"601","response_to_immunochemotherapy","GCST003178"
"602","response_to_interferon_beta","GCST005706|GCST003193"
"603","response_to_interferon","GCST003824|GCST004160"
"604","response_to_intravenous_immunoglobulin_therapy","GCST008314"
"605","response_to_irinotecan","GCST001558|GCST001901"
"606","response_to_ketogenic_diet","GCST006567"
"607","response_to_lamotrigine","GCST002949"
"608","response_to_lithium_ion","GCST003378|GCST003158|GCST003159|GCST003160|GCST003161"
"609","response_to_long-chain_n-3_pufa_dietary_supplementation","GCST006055"
"610","response_to_metformin","GCST000927"
"611","response_to_methotrexate","GCST002375"
"612","response_to_non-steroidal_anti-inflammatory","GCST002263"
"613","response_to_paclitaxel","GCST002179|GCST002074|GCST001999|GCST002006"
"614","response_to_pazopanib","GCST003232"
"615","response_to_phenytoin","GCST005200"
"616","response_to_placebo","GCST004961"
"617","response_to_platinum-based_neoadjuvant_chemotherapy","GCST004097"
"618","response_to_platinum_based_chemotherapy","GCST001629|GCST001998"
"619","response_to_polyunsaturated_fatty_acid_supplementation","GCST009642"
"620","response_to_radiation","GCST003581|GCST003582|GCST003584|GCST008378|GCST008380|GCST008381|GCST008388|GCST005112|GCST007200|GCST002900"
"621","response_to_ranibizumab","GCST006277"
"622","response_to_red_blood_cell_transfusion","GCST002691|GCST007210"
"623","response_to_reverse_transcriptase_inhibitor","GCST004114|GCST004115|GCST004118|GCST001186"
"624","response_to_rifampicin","GCST003792|GCST004262"
"625","response_to_silica_exposure","GCST002515"
"626","response_to_statin","GCST000213|GCST001002"
"627","response_to_taxane","GCST005804"
"628","response_to_thiazide","GCST005039"
"629","response_to_thioamide","GCST003018"
"630","response_to_thiopurine","GCST002607|GCST003603|GCST007229"
"631","response_to_tnf_antagonist","GCST008271|GCST008397"
"632","response_to_topoisomerase_inhibitor","GCST001994"
"633","response_to_trastuzumab","GCST009381"
"634","response_to_trauma_exposure","GCST008270"
"635","response_to_vaccine","GCST008435|GCST002297"
"636","response_to_venlafaxine","GCST004270|GCST004273|GCST004274|GCST004275"
"637","response_to_vincristine","GCST002792"
"638","restless_legs_syndrome","GCST000214|GCST005042|GCST000058|GCST000056|GCST001159"
"639","rhabdomyolysis","GCST001002"
"640","rhegmatogenous_retinal_detachment","GCST001966"
"641","rheumatoid_arthritis","GCST007278|GCST008726|GCST005567|GCST005568|GCST005569|GCST005562|GCST000420|GCST001203|GCST002433|GCST002434|GCST000217|GCST006048|GCST000677|GCST007041|GCST007088|GCST007425|GCST009877|GCST001681|GCST002300|GCST001454|GCST002318|GCST000070|GCST000122|GCST000232|GCST004172|GCST004174|GCST000679|GCST001042|GCST000040"
"642","rheumatoid_factor_seropositivity_measurement","GCST004174"
"643","risk-taking_behaviour","GCST006810"
"644","salivary_gland_lesion","GCST002913"
"645","sarcoidosis","GCST005538|GCST000212|GCST005541|GCST005542|GCST005543"
"646","sasang_constitutional_medicine_type","GCST002854"
"647","schizoaffective_disorder-bipolar_type","GCST008117"
"648","schizophrenia","GCST001851|GCST004521|GCST000607|GCST001567|GCST001733|GCST001833|GCST001839|GCST003048|GCST003050|GCST007219|GCST007220|GCST007223|GCST001972|GCST007201|GCST007205|GCST001631|GCST009817|GCST002277|GCST004946|GCST009603|GCST008120|GCST008122|GCST008123|GCST000215|GCST008459|GCST000434|GCST001242|GCST002149|GCST002539|GCST000433|GCST001301|GCST000155|GCST001877|GCST000435|GCST001836"
"649","sclerosing_cholangitis","GCST005855|GCST005856|GCST001615|GCST004030|GCST006670"
"650","scoliosis","GCST000938"
"651","seasonal_allergic_rhinitis","GCST002322|GCST001303|GCST001310"
"652","self_reported_educational_attainment","GCST003677|GCST002045"
"653","sensory_impairment","GCST008537"
"654","sensory_perception_of_smell","GCST000706"
"655","sensory_perception_of_taste","GCST000706"
"656","sepsis","GCST003817"
"657","serum_alanine_aminotransferase_measurement","GCST004250|GCST003232"
"658","serum_ige_measurement","GCST002124|GCST002125"
"659","serum_lipase_activity_measurement","GCST002532"
"660","severe_cutaneous_adverse_reaction","GCST008386"
"661","sex_interaction_measurement","GCST002445"
"662","sexual_dysfunction","GCST001453"
"663","sickle_cell_anemia","GCST002691|GCST007210"
"664","sjogren_syndrome","GCST004878|GCST004879|GCST005532|GCST002217|GCST003604"
"665","skin_and_soft_tissue_staphylococcus_aureus_infection","GCST003149"
"666","skin_pigmentation","GCST000114"
"667","skin_sensitivity_to_sun","GCST000116"
"668","sleep_duration","GCST007559|GCST007560|GCST003840"
"669","small_artery_occlusion","GCST003260"
"670","small_cell_lung_carcinoma","GCST004746|GCST000896"
"671","small_vessel_stroke","GCST003321|GCST005057|GCST005841|GCST007674|GCST004020"
"672","smoking_behavior","GCST003031|GCST000666"
"673","smoking_behaviour_measurement","GCST004512"
"674","smoking_cessation","GCST001108"
"675","smoking_status_measurement","GCST003900|GCST006530|GCST007508|GCST008375|GCST008376|GCST006400|GCST009399|GCST009403|GCST004747|GCST004749|GCST008240|GCST008241|GCST008246|GCST008247|GCST008659|GCST008660|GCST008661|GCST008662|GCST008663|GCST008667|GCST002392"
"676","sneeze","GCST000706"
"677","snoring_measurement","GCST007985"
"678","so-eum","GCST002854"
"679","solar_lentigines_measurement","GCST006096"
"680","spinal_fracture","GCST005097"
"681","spontaneous_preterm_birth","GCST004845|GCST008753|GCST002751|GCST002752"
"682","sporadic_amyotrophic_lateral_sclerosis","GCST002283"
"683","sporadic_creutzfeld_jacob_disease","GCST002878"
"684","squamous_cell_carcinoma","GCST003327|GCST001718|GCST008872|GCST003422|GCST002466|GCST001674|GCST002010"
"685","squamous_cell_lung_carcinoma","GCST006088|GCST008835|GCST003587|GCST004750"
"686","staphylococcus_aureus_infection","GCST003150|GCST002440"
"687","stevens-johnson_syndrome","GCST004115|GCST001181|GCST004072"
"688","strabismus","GCST009247"
"689","stress-related_disorder","GCST008559"
"690","stressful_life_event_measurement","GCST007945"
"691","stricture","GCST002729"
"692","stroke_outcome_severity_measurement","GCST007672|GCST007673|GCST007674|GCST007675|GCST007676"
"693","stroke","GCST001689|GCST001400|GCST002987|GCST002286|GCST000239|GCST003390|GCST001659|GCST000379|GCST005838|GCST006906|GCST007248|GCST001706"
"694","substance_abuse","GCST008414"
"695","sudden_cardiac_arrest","GCST001132|GCST006401"
"696","suicidal_ideation","GCST006429|GCST002505|GCST000816"
"697","suicide_behaviour","GCST002969"
"698","suicide","GCST002973|GCST008772"
"699","supraventricular_ectopy","GCST005936"
"700","survival_time","GCST003541|GCST002901|GCST003230|GCST003231|GCST000871|GCST001373|GCST003100|GCST002577|GCST002010"
"701","susceptibility_to_bacterial_meningitis_measurement","GCST005010"
"702","susceptibility_to_chickenpox_measurement","GCST004999"
"703","susceptibility_to_childhood_ear_infection_measurement","GCST005013|GCST005015"
"704","susceptibility_to_cold_sores_measurement","GCST005000"
"705","susceptibility_to_hepatitis_a_infection_measurement","GCST005017"
"706","susceptibility_to_hepatitis_b_infection_measurement","GCST005004"
"707","susceptibility_to_infectious_disease_measurement","GCST009130"
"708","susceptibility_to_mononucleosis_measurement","GCST005002"
"709","susceptibility_to_mumps_measurement","GCST005003"
"710","susceptibility_to_mycobacterium_tuberculosis_infection_measurement","GCST005006"
"711","susceptibility_to_pneumonia_measurement","GCST005009"
"712","susceptibility_to_scarlet_fever_measurement","GCST005008"
"713","susceptibility_to_shingles_measurement","GCST005001"
"714","susceptibility_to_viral_and_mycobacterial_infections","GCST002818|GCST003615"
"715","systemic_juvenile_idiopathic_arthritis","GCST005528"
"716","systemic_lupus_erythematosus","GCST007278|GCST003252|GCST002463|GCST003155|GCST003156|GCST000996|GCST002479|GCST003103|GCST008727|GCST008728|GCST008729|GCST004867|GCST000507|GCST000142|GCST000144|GCST006260|GCST005831|GCST002666|GCST000143|GCST005752|GCST007400|GCST001708|GCST005754|GCST003622|GCST001384|GCST000858|GCST000592|GCST001795"
"717","systemic_scleroderma","GCST007278|GCST001146|GCST006493|GCST009131|GCST009876|GCST005534|GCST000650"
"718","takayasu_arteritis","GCST006575|GCST006863|GCST006984"
"719","takotsubo_cardiomyopathy","GCST004095"
"720","temporal_arteritis","GCST006198"
"721","temporomandibular_joint_disorder","GCST004034|GCST007619|GCST002029"
"722","tendinopathy","GCST004263|GCST009002"
"723","testicular_carcinoma","GCST002023|GCST007796|GCST000416|GCST001067|GCST000414|GCST002022|GCST000701"
"724","testicular_germ_cell_tumor","GCST002855|GCST003246|GCST003247|GCST004635|GCST004713"
"725","tetralogy_of_fallot","GCST001807"
"726","thiopurine_immunosuppressant-induced_pancreatitis","GCST002607"
"727","thoracic_aortic_aneurysm","GCST003683"
"728","thrombocytopenia","GCST006435"
"729","thyroid_carcinoma","GCST000335|GCST001382|GCST004144|GCST002102|GCST002873|GCST000640"
"730","thyroid_nodule","GCST006387"
"731","thyroid_peroxidase_antibody_measurement","GCST002416|GCST002378|GCST004383"
"732","thyroid_volume","GCST001069"
"733","thyrotoxic_periodic_paralysis","GCST001627|GCST001437|GCST008365"
"734","tinnitus","GCST007796"
"735","tonsillectomy_risk_measurement","GCST003974|GCST005014"
"736","tooth_agenesis","GCST002256|GCST002258|GCST005389|GCST005390|GCST005391|GCST005392"
"737","total_hip_arthroplasty","GCST007549"
"738","tourette_syndrome","GCST001635|GCST002682|GCST007277"
"739","toxic_epidermal_necrolysis","GCST004115|GCST001181|GCST004072"
"740","traffic_air_pollution_measurement","GCST004482|GCST004224"
"741","treatment-resistant_hypertension","GCST004163|GCST007135|GCST007136|GCST009100|GCST009101|GCST009102|GCST009103"
"742","treatment_refractory_schizophrenia","GCST003628|GCST002604|GCST001458|GCST003450"
"743","treatment_resistant_depression","GCST007665|GCST007667"
"744","trichloroethylene-induced_hypersensitivity","GCST003046"
"745","triglyceride_change_measurement","GCST006055"
"746","triglyceride_measurement","GCST002468|GCST001905"
"747","triple-negative_breast_cancer","GCST002305"
"748","tuberculin_skin_test_reactivity_measurement","GCST004690"
"749","tuberculosis","GCST002198|GCST002810|GCST003451|GCST004226|GCST003792|GCST004262|GCST007231|GCST007897|GCST000764|GCST006619"
"750","type_1_diabetes_nephropathy","GCST009278|GCST009279|GCST009280|GCST009285|GCST009286|GCST009287|GCST009289|GCST009292|GCST001688|GCST003861|GCST003862|GCST003863|GCST003864|GCST003865|GCST003866|GCST003867"
"751","type_2_diabetes_nephropathy","GCST007949|GCST007950|GCST007022"
"752","type_i_diabetes_mellitus","GCST000392|GCST001255|GCST006281|GCST000258|GCST007247|GCST002716|GCST000244|GCST000054|GCST000141|GCST007433|GCST004724|GCST005536|GCST009916|GCST001191|GCST004381|GCST004382|GCST004383|GCST009278|GCST009279|GCST009280|GCST009281|GCST009284|GCST009285|GCST009286|GCST009287|GCST009289|GCST009292|GCST002182|GCST006196|GCST006197|GCST000038|GCST002876|GCST000539|GCST000043|GCST008377"
"753","type_ii_diabetes_mellitus","GCST002684|GCST002025|GCST005413|GCST005414|GCST005899|GCST003042|GCST008114|GCST001351|GCST003619|GCST001173|GCST004782|GCST006484|GCST008833|GCST002718|GCST006282|GCST006283|GCST009732|GCST007220|GCST007221|GCST007223|GCST002224|GCST002128|GCST009840|GCST003026|GCST003400|GCST001326|GCST004305|GCST001213|GCST001666|GCST001919|GCST002339|GCST002352|GCST007515|GCST007516|GCST007517|GCST007518|GCST009379|GCST009380|GCST009875|GCST002507|GCST003063|GCST004724|GCST006424|GCST008545|GCST006145|GCST005047|GCST002560|GCST001369|GCST001070|GCST001550|GCST002153|GCST004758|GCST000478|GCST000049|GCST000028|GCST001809|GCST000024|GCST004773|GCST004774|GCST000796|GCST001033|GCST000012|GCST005912|GCST000027|GCST007847|GCST001759|GCST000383|GCST008223|GCST000601|GCST000221|GCST005889|GCST005895|GCST000712|GCST000047|GCST002317|GCST006801|GCST006868|GCST000219|GCST000025|GCST000167|GCST005716|GCST004894"
"754","typhoid_fever","GCST002693"
"755","ulcerative_colitis","GCST000964|GCST000529|GCST000527|GCST004133|GCST001615|GCST000243|GCST000623|GCST000853|GCST008732|GCST001728|GCST002548|GCST002453|GCST003045|GCST000624|GCST001118|GCST000311|GCST005815|GCST001934|GCST001938|GCST008483"
"756","unipolar_depression","GCST002972|GCST001850|GCST007342|GCST003800|GCST005907|GCST000304|GCST002503|GCST002505|GCST008118|GCST008123|GCST002095|GCST003558|GCST000743|GCST002200|GCST002202|GCST000578|GCST000551|GCST001877|GCST007230|GCST000856|GCST005839"
"757","upper_aerodigestive_tract_neoplasm","GCST001011"
"758","urate_measurement","GCST000818"
"759","uric_acid_measurement","GCST009319|GCST004825"
"760","urinary_ph_measurement","GCST008615"
"761","urinary_retention","GCST008378"
"762","urolithiasis","GCST007833"
"763","urticaria","GCST002263"
"764","uterine_fibroid_measurement","GCST006616"
"765","uterine_fibroid","GCST001027|GCST008423|GCST009156|GCST009158|GCST004779|GCST006462"
"766","uveal_melanoma_disease_severity","GCST009072"
"767","uveal_melanoma","GCST004661|GCST009071|GCST009073|GCST009074|GCST009075|GCST009077|GCST009079"
"768","varicose_veins","GCST004343"
"769","vascular_dementia","GCST000993|GCST009025|GCST009026"
"770","venous_thromboembolism","GCST001253|GCST002808|GCST001557|GCST004068|GCST003377|GCST003390|GCST004256|GCST009097|GCST009030|GCST002012|GCST000354"
"771","ventricular_ectopy","GCST005937"
"772","vesicoureteral_reflux","GCST005044"
"773","vestibular_neuronitis","GCST006275"
"774","virologic_response_measurement","GCST002769|GCST002771|GCST004160"
"775","visceral_leishmaniasis","GCST001805"
"776","visual_acuity_measurement","GCST009560|GCST008545"
"777","visuospatial_impairment","GCST007318"
"778","vitiligo","GCST001992|GCST000662|GCST001509|GCST004785|GCST007111|GCST007112|GCST000692|GCST001670"
"779","vogt-koyanagi-harada_disease","GCST002562"
"780","waldenstrom_macroglobulinemia","GCST006982"
"781","wet_macular_degeneration","GCST006277|GCST004813|GCST004737|GCST001577|GCST001579|GCST005358"
"782","wheat_allergic_reaction","GCST009143"
"783","white_matter_hyperintensity_measurement","GCST003245"
"784","white_matter_lesion_progression_measurement","GCST003151|GCST003152"
"785","yu-zhi_constitution_type","GCST003026"
